Editorial,Comité de lectura de la colección,Comité de lectura de la editorial,Director/a de la colección,Director/a de la editorial,Expertos externos a la colección,Expertos externos a la editorial,Información sobre sistema de revisión de originales en su web
Academia del Hispanismo,,,1,,,1,1
Aconcagua Libros,1,1,1,,,,
Actar,,1,,1,,1,
ADAPT University Press,,,1,1,,1,
Aduana Vieja,,1,1,1,,1,
AECID,1,1,,,1,1,
Agencia Estatal Boletín Oficial del Estado,,,,,,,1
Albatros Ediciones,,,1,,1,1,
Alianza Editorial,,,1,1,,1,
Almud, Ediciones de Castilla-La Mancha,,1,,,1,1,
AlmuzaraUniversidad,1,1,1,1,1,1,1
Andavira,,,1,1,1,1,
Anthropos,,1,1,1,,,
Antoni Bosch Editor, S.A.,,,,,,,1
Antonio Carlos Novaes,1,1,,,,1,
Ápeiron Ediciones,1,1,1,1,1,1,
Arcibel editores,1,1,1,1,1,1,
Ariadna Ediciones,1,1,,,1,1,1
Associació de Mestres Rosa Sensat,,1,1,1,,,
Atelier Libros,,,,,,1,
Athenaica Ediciones Universitarias,,,,,,,1
Ático de los Libros,,,1,1,,1,
Avarigani,,1,,,,1,
Axac,,,1,1,,,
Barlin Libros,,1,,1,,1,
Benilde ediciones,,1,1,1,1,1,1
Biblioteca Nacional de Cuba,,,,,1,1,
Bolchiro,1,,1,1,,1,
Brief Ediciones S.L.,,1,1,,,,
Cambridge Scholars Publishing,,1,,1,,,1
Casa de Velázquez,,1,,,,1,1
Castilla Ediciones,,,1,,1,,
CEASGA-Publishing,,1,,1,,1,1
Centro Abya Yala,,1,,,,1,
Centro de Estudios Bizantinos, Neogriegos y Chipriotas,1,1,,1,,,
Centro de Estudios Bizantinos, Neogriegos y Chipriotas,1,1,1,1,1,1,1
Centro de Estudios e Investigaciones para el Desarrollo Docente CENID A.C.,1,1,1,,1,,
Centro de Estudios Politicos y Constitucionales,,,,,,,1
Centro De Investigaciones Sociológicas,1,,,,1,,1
Centro de Lingüística Aplicada ATENEA,1,1,1,1,,1,
Centro De Publicaciones Académicas - Corporación Universitaria Unitec,,,,,,1,1
Centro de Publicaciones y carrera de Comunicación Pontificia Universidad Católica del Ecuador,,,,,1,1,1
CEPOAT,1,,,,,1,1
COHS Consultores en Ciencias Humanas,,1,,1,,1,
Comares,,1,1,1,,1,1
Comercial Denes,1,1,1,1,1,1,1
Comunicación Social Ediciones y Publicaciones,1,1,1,1,,1,1
Consejo Superior de Investigaciones Cientificas,,,,,,,1
Corporación Universitaria Minuto De Dios - Uniminuto,1,1,,1,,1,1
Departamento de Publicaciones Universidad Externado de Colombia,,,,,,1,1
Descleé De Brouwer,,1,1,,,1,
DEVENIR/ Juan Pastor, editor,1,1,1,,1,1,
Díaz de Santos,,,,1,,,
Documenta Balear,1,1,1,1,,1,
Documenta Universitaria,1,,1,1,1,1,
Dykinson, S.L.,1,1,1,1,1,,1
Ediciones Akal,,1,1,1,,1,1
Ediciones Alfar,,1,1,,,1,1
Ediciones Antígona,,,1,1,,1,
Ediciones Asimétricas,,1,1,1,1,1,
Ediciones Cinca,1,1,,,,1,
Ediciones de la Ergástula,,,1,1,,1,
Ediciones de la Universidad de Castilla-La Mancha,1,1,1,1,1,1,1
Ediciones de la Universidad de Oviedo,,,,,1,1,1
Ediciones de Pasado & Presente,,1,,,,1,
Ediciones del Cabildo de Gran Canaria,,,,1,1,1,
Ediciones Didot,1,,1,1,,1,
Ediciones Doce Calles S.L.,1,,1,1,1,,
Ediciones Egregius,,,,1,1,1,
Ediciones Endymion,,1,,,,1,
Ediciones Laborum,,,,,,1,
Ediciones Morata,,,1,1,,1,1
Ediciones Polifemo,1,,1,1,,1,
Ediciones Sígueme S.A.U.,,,1,1,1,,
Ediciones Trea, S. L.,,1,,,,1,1
Ediciones Uniandes,1,1,1,,1,1,1
Ediciones Universidad de Salamanca,,,,,,,1
Ediciones UO (Cuba),,,,,,1,1
Ediciones USTA,,1,,1,,1,1
Edicions Bellaterra,1,,1,1,,,
Edicións Laiovento,S.L.,,,,,,1,
Edicions UIB,,,,,,,1
Edicións USC,1,1,1,1,,1,1
Edith Soriano,1,,,,1,1,
Éditions de Linguistique et de Philologie (CH),1,1,1,1,1,1,1
Editora Nómada,,,,1,,1,1
Editoria Udelas    (De La Universidad Especializada De Las Américas / Panamá),,1,,,,1,
Editorial Académica Universitaria (Cuba),1,1,,,1,1,
Editorial Académica Universitaria (EDACUN),,1,,,,1,
Editorial Afers,,,1,1,1,1,
Editorial Aranzadi,,1,1,,,1,
Editorial Astrea,,1,,1,,1,1
Editorial B de F,,,1,1,1,1,1
Editorial Biblos,1,1,,,,,
Editorial Civitas,,1,1,,,1,
Editorial Colex S.L.,1,1,,,1,1,1
Editorial Complutense, S.A.,,,,,,,1
Editorial de la Universidad de Cantabria,1,1,1,,,1,1
Editorial De La Universidad De Flores,,,,,,1,
Editorial De La Universidad Técnica Nacional,,1,,,,1,
Editorial Doble J/Gegner libros,,,,,1,1,1
Editorial EIDEC,1,1,1,1,1,1,1
Editorial Eneida,1,,,,,,
Editorial Flacso Ecuador,,1,,,,1,
Editorial Fundación Universitaria Los Libertadores,1,1,,,1,,
Editorial Grupo 5,1,1,1,1,1,1,
Editorial Institucón Universitaria Politecnico Grancolombiano,1,1,,,1,1,1
Editorial Instituto Antioqueño de Investigación,,1,,,,1,1
Editorial Jurídica Sepín,1,1,1,,1,1,1
Editorial Kairós,,,1,,,,
Editorial Laboratorio Educativo S.A.S,,1,,,,1,
Editorial Navegante,1,1,,,1,1,1
Editorial Pamiela,,1,,,,,
Editorial Renacimiento,,1,1,1,,1,
Editorial Reverte,,,1,,1,1,
Editorial Sanz y Torres,1,,1,,,1,1
Editorial Sar Alejandría,1,1,,,1,1,1
Editorial Sindéresis,1,,1,1,,,1
Editorial Siníndice,,1,,1,,1,
Editorial Síntesis, S. A.,,1,,1,,1,1
Editorial Tébar Flores,1,1,1,1,1,1,
Editorial Tecnocientífica Americana (Etecam),1,1,,,1,1,1
Editorial UNIMAR,,1,,1,,1,1
Editorial Universidad de Alcalá,,,,,,,1
Editorial Universidad De Costa Rica,,,,,,1,
Editorial Universidad de Granada,,1,1,,,1,1
Editorial Universidad del Rosario,1,1,,,,1,1
Editorial Universidad Icesi,,,1,1,1,1,1
Editorial Universidad Nacional,,1,,,1,1,1
Editorial Universitaria (Cuba),,1,,1,,1,
Editorial Universitaria San Mateo,,1,,1,,1,1
Editorial Universitaria/Universidad De Panamá,,1,,1,,1,
Editorial Universitas,1,,1,1,1,1,
Editorial Universitat Politècncia de València,1,,,,1,,1
Editorial UOC,,1,1,1,1,1,
Editorial USACH (Universidad de Santiago de Chile),1,1,,1,1,1,
Editorial Verbum,1,1,1,,1,1,1
Edizioni Cantagalli SRL,1,1,1,1,,1,
EDUCA,,1,1,,,1,1
Edward Elgar Publishing,,1,1,,1,1,1
"Edward Everett Root Publishers Co. Limited (""The Series Editor” Studies in Irish Literature, Cinema and Culture)",,1,1,1,1,1,
Encuentro,1,1,1,,1,1,
Eolas Ediciones,,,,1,,1,
ESIC Editorial,,1,,,,1,
Eumed.net,,1,,1,,,1
EUNSA,,1,,,,1,
FahrenHouse,,1,,1,,1,
Fondo Editorial De La Universidad Católica De Cuyo,1,1,,1,,,
Fondo Editorial ITM,,1,1,1,,1,
Fondo Editorial Universidad Eafit,1,1,1,1,1,1,1
Fundación Arquia,,1,,,,1,1
Fundación de los Ferrocarriles Españoles,,,1,1,,1,
Fundación Juanelo Turriano,,1,,,,,
Fundación Universitaria San Pablo CEU (CEU Ediciones),1,1,1,1,1,1,1
GEDISA,1,1,1,1,1,1,
Genueve ediciones,1,1,1,,1,1,1
Grupo de Comunicación Loyola, S.L.U,,1,,,,1,
Guillermo Escolar Editor,1,,1,1,,1,
Herder Editorial, S.L.,,1,1,1,,1,1
High Rate Consulting Books,,1,1,1,1,1,1
Horsori Editorial,1,,1,1,,,
Humus,,1,,1,,,
Huygens Editorial,,,1,1,,1,1
Ibergarceta Publicaciones S.L.,,,,,,,1
Iberoamericana Editorial Vervuert,1,,,,1,1,1
Iberoamericana Editorial Vervuert, S.L.,,,,,,,1
IE Universidad, Unidad de Arqueología,1,1,1,1,1,1,1
Instituto Calasanz de Ciencias de la Educación,,,,,,,1
Instituto Catalán de Arqueología Clásica (ICAC),,1,,,,1,
Instituto de Altos Estudios Nacionales (IAEN, Ecuador),,1,,,,1,1
Instituto de Estudios Canarios,,1,,,,1,
Instituto de Estudios Fiscales,,1,,,,,
Instituto de Estudios Riojanos,,1,,,1,1,
Instituto de Orientación Psicológica Asociados EOS,,,1,1,,1,
Instituto Español de Estudios Estratégicos,,1,,,,,
Instituto Nacional de Administración Pública,,1,1,1,,,
IPROLEX,1,1,1,1,1,,1
Istmo, S.A.,,,,,,,1
Jerônimo Braga,1,1,1,,,1,
Laertes,1,1,1,1,1,1,
Libargo,1,,1,,1,1,1
Libargo,,,,1,1,1,1
LID Editorial,1,1,,,,,
Los Libros de la Catarata,,1,1,1,,1,
Mar Abierto,,1,,,,1,
Marcial Pons Ediciones de Historia,,1,,1,,1,
Marcial Pons Ediciones Jurídicas y Sociales,,1,1,,,1,
McGraw-Hill Education,,1,1,1,,1,1
Mensajero,,1,,,,1,
Mercurio Editorial,,,,,1,,
Miraguano Ediciones,1,,1,1,,1,
Museo Jorge Oteiza,,,1,1,,1,
Narcea S.A. de Ediciones,,1,,1,,1,1
Nau Llibres (Edicions Culturals Valencianes, S.A.),,,,,,,1
Obrador Edèndum,1,1,1,1,1,1,1
Octaedro,,1,,,,1,
OmniaScience,,,,,,,1
Open Book Publishers,1,1,1,1,1,1,1
Padilla Libros,1,1,1,1,1,1,
PASOS Edita,,,,,1,1,
Pirámide,1,,1,1,,1,
Pireo Editorial,,,1,1,1,1,1
Plaza y Valdés,1,1,,,1,1,
Portal Publishing,1,1,,,1,1,
Prensas de la Universidad de Zaragoza,,,,,,,1
Profit Editorial,,,,,,,1
Programa Editorial Universidad del Valle,,,,,,1,
Publicacions de la Universistat de València,1,1,1,,1,1,1
Publicacions i Edicions de la Universitat de Barcelona,1,1,,,1,1,1
Publicacions Universitat d'Alacant,1,1,1,,1,1,1
Publicacions Universitat Rovira i Virgili,1,1,1,1,1,1,1
Punctum,,1,1,1,,,
Real Diputación de San Andrés de los Flamencos. Fundación Carlos de Amberes,,1,,1,,1,
Recolectores urbanos,,1,1,1,1,1,1
"Revista ""Ciencia Y Tecnología"" De La Universidad Tecnológica Empresarial De Guayaquil",,,,,,1,
RIL editores,,1,,,1,1,1
Sal Terrae,,1,1,,,1,
San Esteban Editorial-Salamanca,1,1,1,1,,,
Sello Editorial Universidad Colegio Mayor de Cundinamarca,,1,,,,1,
Septem Ediciones,,1,,,,1,
Servei de Publicacions de la Universitat Autònoma de Barcelona,,,,,,,1
Servicio de Publicaciones de la Universidad Católica de Ávila,,,,,,,1
Servicio de Publicaciones Universidad de Murcia,1,1,,1,,1,1
Servicio de Publicaciones y Difusión Científica de la ULPGC,,1,,,,1,1
Siglo XXI de España Editores, S.A.,,,,,,,1
SIGNIFER LIBROS,,1,,,,1,
Sílex,1,1,1,,1,1,1
Teófilo Edicións,,,,1,,1,
Teseo,1,,1,1,,1,
Tirant lo Blanch,,1,1,1,,1,
Trotta., S. A. Editorial,,1,,,,1,
Tursen S.A. - H. Blume,,,,,,,1
UAI Editorial,,1,,,,1,
UCOPress. Editorial Universidad de Córdoba,1,,,,1,1,1
Udako Euskal Unibertsitatea / Universidad Vasca de Verano,,1,,,,1,1
UNED,,,1,,1,1,1
Universidad Autónoma de Madrid,,1,,,,1,1
Universidad Católica del Maule,1,1,1,1,1,1,
Universidad de Almería,,,,,,1,1
Universidad de Burgos. Servicio de Publicaciones e Imagen Institucional,,,,,,1,1
Universidad de Cádiz, Sello editorial UCA,1,1,1,,1,1,1
Universidad De Deusto,,,,,,1,1
Universidad De Extremadura,,,,,1,1,1
Universidad de Huelva,,,,,,,1
Universidad de Jaén,1,1,,,,1,
Universidad De La Laguna,,,1,,,1,
Universidad De La Rioja,,,,,,1,
Universidad de León,,,,,,1,1
Universidad de Málaga,,1,,,,1,1
Universidad de Sevilla,1,1,1,1,1,1,1
Universidad de Valladolid,,,,,,,1
Universidad del Norte,1,,,,,1,1
Universidad Del País Vasco,,,1,1,1,1,1
Universidad Francisco de Vitoria,,,1,1,,1,
Universidad Pedagógica Nacional,,1,,,,1,1
Universidad Pontificia Comillas,,,,,1,1,1
Universidad Pública de Navarra,,1,,,,1,
Universidad San Jorge De Zaragoza,1,1,1,1,1,1,
Vernon Art and Science,,1,1,1,,1,1
